ùúÜ,FI*,t1*
.163642298548548554e-2,0.,.923837155269663952e-12
.327284597097097108e-2,.319999999999999982e-27,.108065888807941987e-10
.490926895645645619e-2,.803600000000000038e-26,.365183622563488729e-10
.654569194194194216e-2,.802679999999999945e-25,.864302782187596337e-10
.981853791291291238e-2,.205695000000000001e-23,.292358318598122808e-9
.130913838838838843e-1,.205461799999999987e-22,.692488380952537844e-9
.196370758258258248e-1,.526570867000000002e-21,.233712208894017349e-8
.261827677677677687e-1,.525969708199999976e-20,.553977930882851466e-8
.392741516516516495e-1,.134794973767999996e-18,.186965858246103162e-7
.523655355355355373e-1,.134635516822200000e-17,.443167944643746824e-7
.751470217717717659e-1,.242120432115610001e-16,.130961150903634804e-6
.979285080080080084e-1,.201340729779387012e-15,.289801847092315677e-6
.149168835835835845,.583217484045423733e-14,.102400177424318627e-5
.200748817817817810,.627002488028068111e-13,.249501048677993308e-5
.252083649149149158,.387202683145662430e-12,.493799057705077624e-5
.299677609109109122,.154273231856756826e-11,.829194250628395001e-5
.348958397897897898,.520722694786479892e-11,.130840735989049013e-4
.399924660160160150,.154696145604078237e-10,.196803274485485223e-4
.450727472972972998,.401884847995533063e-10,.281496145447543295e-4
.502984410410410421,.964334922391026400e-10,.390813778428583745e-4
.549012349349349393,.193855752834798371e-9,.507738680146357918e-4
.600828906906906934,.397771909508280460e-9,.664719535148040414e-4
.652858228228228255,.770673091566516505e-9,.851698591203943158e-4
.702998120120120085,.138863367576761071e-8,.106196662017945710e-3
.748529945445445488,.228717803848868964e-8,.128029628623852994e-3
.802671689689689716,.398328362858589065e-8,.157607651006886267e-3
.848536848848848835,.619125856605915028e-8,.185919889703715859e-3
.901888932432432400,.100405176519909837e-7,.222828374264949763e-3
.949114566566566564,.150424164674378916e-7,.259247717726369487e-3
1.00092857207207198,.229061971043453701e-7,.303457085154221543e-3
1.05026775825825824,.335029188535231843e-7,.349875988923871049e-3
1.10174802302302299,.488762921806871368e-7,.402997509808833757e-3
1.14902297647647655,.680633557985790854e-7,.456162208982546628e-3
1.20001540040040044,.957960537034655478e-7,.518385986010416657e-3
1.25298219769769759,.134515437292716489e-6,.588567908075875905e-3
1.29908995045045050,.178620923926805167e-6,.654414833877561592e-3
1.34888758658658658,.239848901833454801e-6,.730651153147666771e-3
1.40033341741741735,.321437868743269817e-6,.815150764723628443e-3
1.45066312612612602,.423492085330040547e-6,.903614226517483981e-3
1.49935970720720713,.547795911818097414e-6,.994800778903985692e-3
1.55342895795795788,.721637231704795108e-6,.110264541675305283e-2
1.60201258458458451,.916572127498181205e-6,.120559869809693378e-2
1.65388597597597609,.117330049372938372e-5,.132197451611427031e-2
1.70089097847847848,.145722652801679972e-5,.143328616280103240e-2
1.75227986186186180,.183349634010782238e-5,.156146008263222200e-2
1.80063279629629625,.226100345093803102e-5,.168833714444004937e-2
1.85117554504504511,.279677510647189875e-5,.182755641090484502e-2
1.90059032032032027,.342245409933932001e-5,.197026941427262767e-2
1.95232301051051049,.420241596798706422e-5,.212675047614722642e-2
2.00214773973973958,.509273054330277945e-5,.228437080885968494e-2
2.05310072172172164,.616526670214889885e-5,.245263628230249931e-2
2.10363178728728739,.741371748930587215e-5,.262662895262694282e-2
2.15006458858858851,.874486578895037086e-5,.279280076943624412e-2
2.20328181881881902,.105157332345366386e-4,.299069956973460442e-2
2.25087994394394375,.123492311747093698e-4,.317446675068552928e-2
2.30162947297297293,.145961178637880219e-4,.337745491552173286e-2
2.35020324774774769,.170619304792855181e-4,.357856819872881017e-2
2.40413818218218234,.202039868499644640e-4,.380970399246389384e-2
2.45084187237237217,.233066166368685505e-4,.401649559760016046e-2
2.50385097847847859,.273053980769802743e-4,.425866012089269174e-2
2.55216302402402384,.314377754825937461e-4,.448624477430342294e-2
2.60500880930930911,.365467913486637613e-4,.474265921285161804e-2
2.65060578478478481,.414972643197637143e-4,.497013719514526661e-2
2.70253541741741721,.478059801776991382e-4,.523618969377766166e-2
2.75269687887887882,.546402336589923201e-4,.550018009832394308e-2
2.80282557107107122,.622634460495768689e-4,.577079445335401155e-2
2.85276984884884888,.707165375324900685e-4,.604708985884385482e-2
2.90075066416416405,.797113075987005489e-4,.631871731151753113e-2
2.95261919619619606,.904774176969304507e-4,.661908037339194958e-2
3.00205366816816799,.101826356854623837e-3,.691174654559413744e-2
3.05408112212212224,.115008140724375452e-3,.722638457757083467e-2
3.10117849649649635,.128116376168782597e-3,.751694903817093276e-2
3.15322991191191182,.143997889558882621e-3,.784428704310140973e-2
3.20308609759759744,.160678120697421711e-3,.816379230365304499e-2
3.25282093193193189,.178847719929543163e-3,.848819463374847830e-2
3.30476915915915903,.199565925994352991e-3,.883292008357219709e-2
3.35261537287287270,.220320604102102710e-3,.915559025437935083e-2
3.40161644044044031,.243339776763138886e-3,.949102241293243477e-2
3.45571944144144139,.270952603773664722e-3,.986702685784544668e-2
3.50470527727727710,.298058303003311703e-3,.102123923194676648e-1
3.55480246996997007,.327964568995176909e-3,.105702403787185858e-1
3.60575002452452464,.360766183542039201e-3,.109387796850284585e-1
3.65258074124124121,.393148775070295336e-3,.112814629947631580e-1
3.70250076876876877,.430136230684848627e-3,.116506934096898621e-1
3.75204080180180188,.469477930803019884e-3,.120209291015702206e-1
3.80503323823823836,.514603765573196613e-3,.124209335085970207e-1
3.85179676776776780,.557152297268572166e-3,.127771198102459918e-1
3.90575217317317325,.609559192611217743e-3,.131915601219852168e-1
3.95444276676676676,.660024215811397448e-3,.135685275109327826e-1
4.00261956406406405,.713034261527944351e-3,.139440683137356230e-1
4.05442509809809781,.773578786341059025e-3,.143504842272591266e-1
4.10644019619619627,.838193712582690868e-3,.147609818462927367e-1
4.15376623373373377,.900427820092583988e-3,.151363677565161114e-1
4.20402438338338325,.970225911642175936e-3,.155367490990616988e-1
4.25307142542542582,.104213493021734121e-2,.159289760412059771e-1
4.30623893643643640,.112444197999036631e-2,.163555505284260216e-1
4.35224361561561590,.119941741353739285e-2,.167256071886353920e-1
4.40508166216216246,.128994293870827634e-2,.171514598576396858e-1
4.45475220370370373,.137944815777716234e-2,.175523451968028522e-1
4.50394298198198229,.147239460591546247e-2,.179496545593306467e-1
4.55317289189189189,.156979513473514483e-2,.183473426599641692e-1
4.60338428378378417,.167373986368744539e-2,.187527851578515939e-1
4.65660751801801798,.178908837753299237e-2,.191820871923828393e-1
4.70540801201201209,.189960608516428304e-2,.195750594551555614e-1
4.75358036586586596,.201323061278207722e-2,.199621392629056107e-1
4.80507581931931949,.213973801877675356e-2,.203747698107442678e-1
4.85645917167167163,.227123084511814816e-2,.207850738193476742e-1
4.90257878178178164,.239377749637572409e-2,.211519309889686147e-1
4.95721078578578567,.254453401205604170e-2,.215845222790224146e-1
5.00292431331331322,.267537662284465707e-2,.219446535914751654e-1
5.05639141841841866,.283387847533837604e-2,.223635100647975732e-1
5.10742059059059095,.299067918224223085e-2,.227606776014191263e-1
5.15298356306306271,.313526211595047339e-2,.231129862249742704e-1
5.20422389089089066,.330303361850839720e-2,.235063944408659686e-1
5.25580387287287287,.347745385134538365e-2,.238992180452377509e-1
5.30713870420420442,.365655854706571767e-2,.242867949126590217e-1
5.35473266416416394,.382751655754488005e-2,.246429482700859653e-1
5.40401345295295332,.400949156211930120e-2,.250083382197203996e-1
5.45497971521521485,.420297244782369666e-2,.253824346112910340e-1
5.50578252802802837,.440114579325687465e-2,.257513301905890023e-1
5.55803946546546523,.461048367011272081e-2,.261264484513679014e-1
5.60406740440440476,.479944149387430841e-2,.264530795155293250e-1
5.65588396196196186,.501723547777355953e-2,.268164190028305251e-1
5.70791328328328351,.524126577812507929e-2,.271764510329320259e-1
5.75805317517517512,.546215676474096599e-2,.275187264662741515e-1
5.80358500050050008,.566693408871260258e-2,.278254622945435064e-1
5.85772674474474453,.591553746984860816e-2,.281850223504983149e-1
5.90359190390390420,.613040040698143666e-2,.284851219420985506e-1
5.95694398748748721,.638516053182029003e-2,.288289154395610751e-1
6.00416962162162182,.661490670753402555e-2,.291283960988339211e-1
6.05598362712712746,.687145172274806863e-2,.294516619589275559e-1
6.10532281331331372,.711999397033815339e-2,.297542442425506627e-1
6.15680307807807825,.738362670947463866e-2,.300644287424399609e-1
6.20407803153153115,.762949134723472575e-2,.303442420523961330e-1
6.25507045545545548,.789861536051114123e-2,.306405978045399333e-1
6.30803725275275262,.818233848700135151e-2,.309423691450154727e-1
6.35414500550550532,.843267280800284388e-2,.311999929394129565e-1
6.40394264164164184,.870642412164949857e-2,.314728957094586662e-1
6.45538847247247283,.899279173599090709e-2,.317489739107389424e-1
6.50571818118118106,.927630503326141130e-2,.320132724324979981e-1
6.55441476226226261,.955364885831733700e-2,.322635212420472606e-1
6.60848401301301269,.986492683480536155e-2,.325350525556357198e-1
6.65706763963963954,.101474766110768253e-1,.327733436781865520e-1
6.70894103103103134,.104519879259817039e-1,.330218150431482796e-1
6.75594603353353396,.107303137209884547e-1,.332416531704987084e-1
6.80733491691691661,.110370559950023570e-1,.334762155511715911e-1
6.85568785135135172,.113278860613274194e-1,.336914149792198678e-1
6.90623060010010015,.116340329854265068e-1,.339106654787184117e-1
6.95564537537537575,.119353271576398828e-1,.341194102668407398e-1
7.00737806556556553,.122526990394837727e-1,.343320213264472554e-1
7.05720279479479462,.125601003752322925e-1,.345310847636861040e-1
7.10815577677677712,.128760736112599975e-1,.347288933870590136e-1
7.15868684234234198,.131908923485437278e-1,.349193408790858806e-1
7.20511964364364399,.134813364303873855e-1,.350893477009121199e-1
7.25833687387387361,.138154341765051106e-1,.352783511250105361e-1
7.30593499899899879,.141152252928420079e-1,.354421481543950451e-1
7.35668452802802797,.144357363266933141e-1,.356113728169041507e-1
7.40525830280280317,.147432208989681963e-1,.357681492405802492e-1
7.45919323723723693,.150853117388694384e-1,.359363324983796723e-1
7.50589692742742720,.153819834066933614e-1,.360770011032073568e-1
7.55890603353353363,.157190708204494184e-1,.362311341531107792e-1
7.60721807907907888,.160265030334219155e-1,.363665442097939121e-1
7.66006386436436415,.163628827961801830e-1,.365091921410700265e-1
7.70566083983983940,.166530967694049278e-1,.366277322337684175e-1
7.75759047247247224,.169834680601615891e-1,.367576733486204010e-1
7.80775193393393430,.173023233114584889e-1,.368781337283264482e-1
7.85788062612612581,.176205925802308747e-1,.369936160603979089e-1
7.90782490390390347,.179372051242483559e-1,.371038673923323806e-1
7.95580571921921909,.182408143233678648e-1,.372053271892406820e-1
8.00767425125125065,.185683026824243480e-1,.373101638450258899e-1
8.05710872322322302,.188796243637833656e-1,.374054642000153995e-1
8.10913617717717727,.192063279629868106e-1,.375009708153286950e-1
8.15623355155155139,.195011470498898908e-1,.375832527660455509e-1
8.20828496696696774,.198258574006871698e-1,.376696475014688323e-1
8.25814115265265336,.201356808676913489e-1,.377479977850123105e-1
8.30787598698698737,.204435015612436446e-1,.378219378055219546e-1
8.35982421421421407,.207636014169181732e-1,.378947442773873572e-1
8.40767042792792729,.210570654981642180e-1,.379578703641382312e-1
8.45667149549549535,.213561893556570882e-1,.380186800045398399e-1
8.51077449649649687,.216847017203645326e-1,.380813874642080483e-1
8.55976033233233302,.219804808657093759e-1,.381342234634770363e-1
8.60985752502502422,.222812684044001140e-1,.381844573153501399e-1
8.66080507957958012,.225853299457954675e-1,.382316753840699630e-1
8.70763579629629625,.228631368343999788e-1,.382717012757411643e-1
8.75755582382382336,.231574369967869169e-1,.383108733810349142e-1
8.80709585685685603,.234475732083008204e-1,.383462504580699415e-1
8.86008829329329295,.237557487561867141e-1,.383803144452365547e-1
8.90685182282282284,.240257818934451473e-1,.384071952589013499e-1
8.96080722822822828,.243350562336136118e-1,.384345839365294109e-1
9.00949782182182268,.246120036861147314e-1,.384560337650353343e-1
9.05767461911911909,.248839825891404402e-1,.384742715294876941e-1
9.10948015315315374,.251741355233512341e-1,.384906388063382468e-1
9.16149525125125130,.254630112658491212e-1,.385037635546986376e-1
9.20882128878878881,.257236787361335775e-1,.385128876995902286e-1
9.25907943843843917,.259982041459897797e-1,.385197026089606487e-1
9.30812648048047997,.262638094410415947e-1,.385235607474554154e-1
9.36129399149149144,.265491262318266925e-1,.385246985411149198e-1
9.40729867067067005,.267937969664197584e-1,.385231847376261496e-1
9.46013671721721749,.270722583249252968e-1,.385186530261301674e-1
9.50980725875875876,.273315173040231882e-1,.385117328442096257e-1
9.55899803703703732,.275858564702070284e-1,.385023993595704148e-1
9.60822794694694693,.278379746010144098e-1,.384906455330051023e-1
9.65843933883883921,.280926065658006346e-1,.384762301625514030e-1
9.71166257307307390,.283597267555795902e-1,.384583402482826173e-1
9.76046306706706623,.286021188007267620e-1,.384396355057250727e-1
9.80863542092092011,.288390067468666765e-1,.384190659099809817e-1
9.86013087437437363,.290896081597048078e-1,.383948214189793816e-1
9.91151422672672666,.293369501959433628e-1,.383683654921762596e-1
9.95763383683683756,.295566411553657253e-1,.383427426769813381e-1
10.0122658408408416,.298140453601878769e-1,.383101533038594927e-1
10.0579793683683683,.300270641122929727e-1,.382810671007355538e-1
10.1114464734734728,.302734783116885668e-1,.382450039271722483e-1
10.1624756456456460,.305059069496763716e-1,.382085850403430585e-1
10.2080386181181186,.307111699915947577e-1,.381744610440657856e-1
10.2592789459459457,.309394564093469771e-1,.381343232137510701e-1
10.3108589279279279,.311665303604592644e-1,.380920867649156905e-1
10.3621937592592595,.313898155302386947e-1,.380482775661132519e-1
10.4097877192192190,.315944206538588956e-1,.380061247160729115e-1
10.4590685080080075,.318038419493445884e-1,.379609639279878258e-1
10.5100347702702699,.320178277080224866e-1,.379126840082832858e-1
10.5608375830830834,.322285078210737957e-1,.378630119171848648e-1
10.6130945205205212,.324425009180347237e-1,.378103548792162805e-1
10.6591224594594589,.326287135491168181e-1,.377626999718593467e-1
10.7109390170170169,.328358099073416052e-1,.377076660141246744e-1
10.7629683383383377,.330410687246398341e-1,.376509736631730763e-1
10.8131082302302310,.332363391643841904e-1,.375950244029870997e-1
10.8586400555555560,.334115202687304685e-1,.375431322634383474e-1
10.9127817997998005,.336171883119665976e-1,.374801253043653623e-1
10.9586469589589584,.337891864396736227e-1,.374256771362623253e-1
11.0119990425425431,.339867051045335405e-1,.373611429332449604e-1
11.0592246766766760,.341592642106771163e-1,.373029780097516930e-1
11.1110386821821816,.343461449726763512e-1,.372380741632984055e-1
11.1603778683683679,.345217399256448620e-1,.371752469816893638e-1
11.2118581331331324,.347025196356064020e-1,.371086652635890940e-1
11.2591330865865871,.348663581465088260e-1,.370466284808858709e-1
11.3101255105105096,.350407656837812206e-1,.369787866751535091e-1
11.3630923078078077,.352194038702050155e-1,.369073352707241856e-1
11.4092000605605612,.353728341319106757e-1,.368443498961223415e-1
11.4589976966966969,.355363924377476784e-1,.367755305258013268e-1
11.5104435275275279,.357030391030360300e-1,.367035987275739634e-1
11.5607732362362370,.358638046287517373e-1,.366324370037524188e-1
11.6094698173173168,.360172402746345779e-1,.365628679192495018e-1
11.6635390680680686,.361851927366269449e-1,.364848295206276416e-1
11.7121226946946955,.363339618196376821e-1,.364140236064385975e-1
11.7639960860860864,.364905872170023307e-1,.363377361906283766e-1
11.8110010885885881,.366305547336408244e-1,.362680195744440950e-1
11.8623899719719716,.367814672076503049e-1,.361911860886907633e-1
11.9107429064064068,.369214726705409252e-1,.361183288631045582e-1
11.9612856551551552,.370657762803309546e-1,.360416130426959719e-1
12.0107004304304308,.372048621868406107e-1,.359660801017433751e-1
12.0624331206206215,.373483792935688716e-1,.358864680484778792e-1
12.1122578498498505,.374846014684956999e-1,.358092968634852044e-1
12.1632108318318313,.376218995114452059e-1,.357298986173457470e-1
12.2137418973973979,.377560770014567504e-1,.356507012121149713e-1
12.2601746986986981,.378776498953095828e-1,.355775448169702371e-1
12.3133919289289295,.380149806146570374e-1,.354932709522269990e-1
12.3609900540540547,.381360165562074152e-1,.354175266518413356e-1
12.4117395830830830,.382632217333008437e-1,.353364036068357368e-1
12.4603133578578582,.383832109640180399e-1,.352584248431349542e-1
12.5142482922922920,.385144483681056776e-1,.351714780860178725e-1
12.5609519824824822,.386264142763319065e-1,.350958983313186673e-1
12.6139610885885887,.387516350245829186e-1,.350098073591852896e-1
12.6622731341341339,.388640568477205336e-1,.349310768557490395e-1
12.7151189194194192,.389851919492551144e-1,.348446838993725500e-1
12.7607158948948953,.390881874705187940e-1,.347699255498802248e-1
12.8126455275275273,.392037897656244694e-1,.346845571733233396e-1
12.8628069889889893,.393137605507744570e-1,.346018813148027543e-1
12.9129356811811817,.394220165015076382e-1,.345190646005904059e-1
12.9628799589589594,.395282616094584649e-1,.344363735764235124e-1
13.0108607742742741,.396288331232214630e-1,.343567784501348367e-1
13.0627293063063057,.397359249879380497e-1,.342705776817440327e-1
13.1121637782782781,.398364368591394222e-1,.341882845016305281e-1
13.1641912322322323,.399406041915949389e-1,.341015440565212019e-1
13.2112886066066064,.400334895374946237e-1,.340229193546125394e-1
13.2633400220220228,.401346060114374445e-1,.339359227416087678e-1
13.3131962077077084,.402299626399466870e-1,.338525074440668011e-1
13.3629310420420424,.403236490653119464e-1,.337692215758417999e-1
13.4148792692692691,.404199920433262125e-1,.336821629913274870e-1
13.4627254829829823,.405073783254131375e-1,.336019297340988746e-1
13.5117265505505504,.405955509946918924e-1,.335197213671770619e-1
13.5658295515515519,.406913704893860501e-1,.334289201854073223e-1
13.6148153873873881,.407767581114196337e-1,.333466875088012857e-1
13.6649125800800793,.408627561130294747e-1,.332625800546189343e-1
13.7158601346346352,.409488568051233834e-1,.331770454947842575e-1
13.7626908513513513,.410268095291845547e-1,.330984316339174023e-1
13.8126108788788784,.411086660660310924e-1,.330146500978833676e-1
13.8621509119119111,.411886532069652700e-1,.329315335715079510e-1
13.9151433483483480,.412728598567680335e-1,.328426643784427846e-1
13.9619068778778779,.413460217773724131e-1,.327642830452526332e-1
14.0158622832832833,.414291188650415254e-1,.326739051628214261e-1
14.0645528768768777,.415029138571500616e-1,.325924072548114674e-1
14.1127296741741741,.415748314787614051e-1,.325118336822528622e-1
14.1645352082082088,.416509638932675494e-1,.324252703056405259e-1
14.2165503063063063,.417261691588891523e-1,.323384471688164463e-1
14.2638763438438438,.417935351161946092e-1,.322595363441003785e-1
14.3141344934934942,.418639852341099600e-1,.321758322864258567e-1
14.3631815355355350,.419316709454053554e-1,.320942466789201283e-1
14.4163490465465465,.420038703227740770e-1,.320059272098944803e-1
14.4623537257257251,.420653725599931250e-1,.319296128184376402e-1
14.5151917722722725,.421349158308893107e-1,.318420912539461032e-1
14.5648623138138138,.421992387916620970e-1,.317599473278959710e-1
14.6140530920920924,.422619512045992810e-1,.316787274413044342e-1
14.6632830020020020,.423237421987695817e-1,.315975783100323690e-1
14.7134943938938942,.423857787936281344e-1,.315149560622448380e-1
14.7667176281281289,.424504654610934479e-1,.314275431663638624e-1
14.8155181221221213,.425088226960377499e-1,.313475485974252094e-1
14.8636904759759751,.425655469087861532e-1,.312687331171325397e-1
14.9151859294294287,.426252295420161270e-1,.311846495387750160e-1
14.9665692817817817,.426838138072473464e-1,.311009276904551935e-1
15.0126888918918926,.427355850967498646e-1,.310259382163920287e-1
15.0673208958958966,.427959336374156563e-1,.309373032003729988e-1
15.1130344234234233,.428456271780561851e-1,.308633039934420976e-1
15.1665015285285278,.429028350263689282e-1,.307769502668774030e-1
15.2175307007007010,.429565288561849362e-1,.306947357434734294e-1
15.2630936731731737,.430037349899967392e-1,.306214976507574489e-1
15.3143340010010007,.430560060211413256e-1,.305393283984001472e-1
15.3659139829829829,.431077628990729142e-1,.304568260998958340e-1
15.4172488143143145,.431584298378017012e-1,.303749302345084418e-1
15.4648427742742740,.432046639247868416e-1,.302991962157618082e-1
15.5141235630630625,.432517969839802396e-1,.302209774770594505e-1
15.5650898253253249,.432997623938979337e-1,.301402998883292875e-1
15.6158926381381384,.433467971670814106e-1,.300601028281215557e-1
15.6681495755755762,.433943817641422869e-1,.299778442574234749e-1
15.7141775145145139,.434356355008671813e-1,.299055896746046497e-1
15.7659940720720719,.434813504630994913e-1,.298244734100419663e-1
15.8180233933933927,.435264903187691510e-1,.297432666749858805e-1
15.8681632852852861,.435692791329057721e-1,.296652413043956217e-1
15.9136951106106110,.436075394033336242e-1,.295945862184845629e-1
15.9678368548548555,.436523075317226811e-1,.295108197459965638e-1
16.0137020140140152,.436896233400815640e-1,.294400721566869944e-1
16.0670540975975982,.437323391912342596e-1,.293580244177850981e-1
16.1142797317317310,.437695390456362896e-1,.292856229209145051e-1
16.1660937372372366,.438097035843057273e-1,.292064314842532431e-1
16.2154329234234247,.438473276763552272e-1,.291312618732455994e-1
16.2669131881881874,.438859478233036282e-1,.290530808162683674e-1
16.3141881416416403,.439208493239973546e-1,.289815129109046651e-1
16.3651805655655664,.439578995572265582e-1,.289045619667323908e-1
16.4181473628628645,.439957399921296274e-1,.288249019194647370e-1
16.4642551156156145,.440281540227461729e-1,.287557830306877059e-1
16.5140527517517519,.440626205082696731e-1,.286813695093994583e-1
16.5654985825825811,.440976462384900861e-1,.286047524059190837e-1
16.6158282912912902,.441313492575300878e-1,.285300536369112179e-1
16.6645248723723718,.441634371622970159e-1,.284580207862202422e-1
16.7185941231231219,.441984740520051309e-1,.283783205134155968e-1
16.7671777497497487,.442294339984075219e-1,.283069583695929917e-1
16.8190511411411414,.442619535142466172e-1,.282310282956796631e-1
16.8660561436436431,.442909496471055875e-1,.281624607073106721e-1
16.9174450270270285,.443221453705159515e-1,.280877560178875232e-1
16.9657979614614618,.443510241609710171e-1,.280177111937463044e-1
17.0163407102102084,.443807273857799028e-1,.279447501744317511e-1
17.0657554854854858,.444092974761112411e-1,.278736709174807092e-1
17.1174881756756747,.444387175331825701e-1,.277995265326196860e-1
17.1673129049049038,.444665860935892221e-1,.277283772336272410e-1
17.2182658868868863,.444946200059751773e-1,.276558815873481044e-1
17.2687969524524512,.445219641363243032e-1,.275842510040096717e-1
17.3152297537537549,.445466950509208898e-1,.275186626308237987e-1
17.3684469839839828,.445745810403691475e-1,.274437652764662997e-1
17.4160451091091097,.445991142634763194e-1,.273770245920041122e-1
17.4667946381381398,.446248539138668979e-1,.273061236144558871e-1
17.5153684129129132,.446490924153536556e-1,.272385123159161191e-1
17.5693033473473470,.446755579044413459e-1,.271637252104648189e-1
17.6160070375375390,.446981000514658292e-1,.270992087065777681e-1
17.6690161436436419,.447232707500661089e-1,.270262558728173626e-1
17.7173281891891889,.447458329879948588e-1,.269600209694415213e-1
17.7701739744744742,.447701063766349355e-1,.268878473535544525e-1
17.8157709499499504,.447907145094085732e-1,.268258061870332611e-1
17.8677005825825823,.448138120847065488e-1,.267554106745207625e-1
17.9178620440440426,.448357523042887882e-1,.266876769691127037e-1
17.9679907362362350,.448573199957858423e-1,.266202473464616542e-1
18.0179350140140144,.448784579588753368e-1,.265533238691648896e-1
18.0659158293293309,.448984407560901605e-1,.264892737325023754e-1
18.1177843613613625,.449196910974469371e-1,.264203007007719169e-1
18.1672188333333331,.449396096777471138e-1,.263548221276340040e-1
18.2192462872872873,.449602262021695648e-1,.262861803153568614e-1
18.2663436616616615,.449785872624770475e-1,.262242825438901393e-1
18.3183950770770778,.449985513902706816e-1,.261561383769169861e-1
18.3682512627627617,.450173555279195642e-1,.260911280737334411e-1
18.4179860970970957,.450358089107373918e-1,.260265289766578450e-1
18.4699343243243241,.450547635840760838e-1,.259593242566651082e-1
18.5177805380380391,.450719369595911079e-1,.258976692152385612e-1
18.5667816056056054,.450892465378673821e-1,.258347670224231309e-1
18.6208846066066052,.451080365427436666e-1,.257655982293701936e-1
18.6698704424424413,.451247627761607248e-1,.257032269251039336e-1
18.7199676351351343,.451415914375291119e-1,.256396910343967763e-1
18.7709151896896884,.451584230687368526e-1,.255753358201558784e-1
18.8177459064064081,.451736471782913096e-1,.255164108271924497e-1
18.8676659339339352,.451896187556320508e-1,.254538406783866959e-1
18.9172059669669679,.452052108769996214e-1,.253919930835410819e-1
18.9701984034034048,.452216099036301111e-1,.253261062378052244e-1
19.0169619329329329,.452358450668495851e-1,.252681958868195590e-1
19.0709173383383366,.452519988210017543e-1,.252016488046699037e-1
19.1196079319319310,.452663314235994402e-1,.251418423128900413e-1
19.1677847292292292,.452802878227634015e-1,.250828970058170689e-1
19.2195902632632638,.452950497616143796e-1,.250197665106339680e-1
19.2716053613613596,.453096194862333615e-1,.249566453384217554e-1
19.3189313988989007,.453226600350456268e-1,.248994441657168289e-1
19.3691895485485475,.453362871032364778e-1,.248389379965127943e-1
19.4182365905905918,.453493693888570304e-1,.247801264563611463e-1
19.4714041016016033,.453633132550874812e-1,.247166372310484370e-1
19.5174087807807801,.453751824151890984e-1,.246619215791633352e-1
19.5702468273273276,.453885937242739859e-1,.245993298730896870e-1
19.6199173688688688,.454009892112089281e-1,.245407344821364504e-1
19.6691081471471456,.454130659602488482e-1,.244829374090341015e-1
19.7183380570570570,.454249572185089906e-1,.244253250762462501e-1
19.7685494489489493,.454368877388528353e-1,.243668010868496702e-1
19.8217726831831840,.454493194054855498e-1,.243050269483838267e-1
19.8705731771771781,.454605272510264710e-1,.242486206876368522e-1
19.9187455310310320,.454714147552186462e-1,.241931597660308348e-1
19.9702409844844837,.454828629801483364e-1,.241341130309398293e-1
20.0216243368368367,.454940934561054652e-1,.240754411931668813e-1
20.0677439469469476,.455040121002903072e-1,.240229885279375603e-1
20.1223759509509499,.455155671844050119e-1,.239611091624927497e-1
20.1680894784784783,.455250766233625398e-1,.239095427719806936e-1
20.2215565835835847,.455360178801354001e-1,.238494735051456401e-1
20.2725857557557561,.455462811171292933e-1,.237923870336156466e-1
20.3181487282282269,.455552995325201049e-1,.237416160686300740e-1
20.3693890560560575,.455652804079798371e-1,.236847438578789739e-1
20.4209690380380380,.455751577909203967e-1,.236277343398823801e-1
20.4723038693693695,.455848220616808450e-1,.235712335563488563e-1
20.5198978293293308,.455936364130777247e-1,.235190611532515650e-1
20.5691786181181193,.456026178511171471e-1,.234652527920636740e-1
20.6201448803803800,.456117534571521613e-1,.234098312918770528e-1
20.6709476931931917,.456207074771768570e-1,.233548164691982744e-1
20.7232046306306295,.456297618147819412e-1,.232984644257745871e-1
20.7692325695695708,.456376079931616191e-1,.232490281550527152e-1
20.8210491271271287,.456462988482539342e-1,.231935963061199561e-1
20.8730784484484495,.456548764446067998e-1,.231381720962668957e-1
20.9232183403403411,.456630037004823741e-1,.230849826699323808e-1
20.9687501656656643,.456702678611499505e-1,.230368696147967809e-1
21.0228919099099087,.456787640909583278e-1,.229798904867387389e-1
21.0687570690690684,.456858431018280983e-1,.229318180104408700e-1
21.1221091526526514,.456939433086604729e-1,.228761238463779625e-1
21.1693347867867878,.457009947238398440e-1,.228270266004920869e-1
21.2211487922922935,.457086051986760056e-1,.227733758921970786e-1
21.2704879784784779,.457157315696684052e-1,.227224976123542345e-1
21.3219682432432442,.457230438606879355e-1,.226696287451526209e-1
21.3692431966966971,.457296496844846467e-1,.226212732056881236e-1
21.4202356206206197,.457366597307127185e-1,.225693231377441239e-1
21.4732024179179177,.457438166684381725e-1,.225155890532907944e-1
21.5193101706706713,.457499451871835397e-1,.224690012020392835e-1
21.5691078068068052,.457564596454387226e-1,.224188805307701765e-1
21.6205536376376379,.457630775749573449e-1,.223673132132905829e-1
21.6708833463463471,.457694434676538878e-1,.223170724149999028e-1
21.7195799274274286,.457755023694713103e-1,.222686565474409966e-1
21.7736491781781787,.457821159654625762e-1,.222151222563586152e-1
21.8222328048048055,.457879581400502597e-1,.221672187809387085e-1
21.8741061961961947,.457940927387762778e-1,.221162790157731111e-1
21.9211111986987000,.457995610632736042e-1,.220703041690867990e-1
21.9725000820820817,.458054425127936773e-1,.220202409195366343e-1
22.0208530165165151,.458108855827313102e-1,.219733246218613912e-1
22.0713957652652653,.458164824814735333e-1,.219244788612501101e-1
22.1208105405405391,.458218643769925799e-1,.218769152820856919e-1
22.1725432307307315,.458274048619001922e-1,.218273231326500082e-1
22.2223679599599606,.458326517413249410e-1,.217797548948081843e-1
22.2733209419419431,.458379283587677794e-1,.217313063235290427e-1
22.3238520075075080,.458430738002685925e-1,.216834545453765785e-1
22.3702848088088082,.458477263635576684e-1,.216396546639020075e-1
22.4235020390390396,.458529711865562628e-1,.215896554258367471e-1
22.4711001641641630,.458575842840891826e-1,.215451159637072183e-1
22.5218496931931931,.458624230929969359e-1,.214978143840684234e-1
22.5704234679679665,.458669786360993842e-1,.214527204253598669e-1
22.6243584024024038,.458719515573835293e-1,.214028542811651006e-1
22.6710620925925923,.458761863076458526e-1,.213598472168538209e-1
22.7240711986986987,.458809138065656777e-1,.213112277902925314e-1
22.7723832442442458,.458851504517759634e-1,.212670952375284376e-1
22.8252290295295310,.458897074204620697e-1,.212190154195979579e-1
22.8708260050050036,.458935754881089411e-1,.211776930018035825e-1
22.9227556376376391,.458979099390033687e-1,.211308138510214356e-1
22.9729170990990994,.459020263468932627e-1,.210857143091214179e-1
23.0230457912912918,.459060720501663355e-1,.210408233822903558e-1
23.0729900690690677,.459100363652000798e-1,.209962748301600992e-1
23.1209708843843842,.459137833268419768e-1,.209536434146843607e-1
23.1728394164164158,.459177672110634150e-1,.209077395771530561e-1
23.2222738883883899,.459215007204693687e-1,.208641648673745829e-1
23.2743013423423406,.459253643347742949e-1,.208184880465749240e-1
23.3213987167167183,.459288046537408845e-1,.207773010213246033e-1
23.3734501321321311,.459325446858331113e-1,.207319592823825109e-1
23.4233063178178185,.459360667856794011e-1,.206887038110358766e-1
23.4730411521521525,.459395226013682018e-1,.206457224151606368e-1
23.5249893793793809,.459430716914171408e-1,.206010072803601806e-1
23.5728355930930924,.459462867221472546e-1,.205599840974774288e-1
23.6218366606606622,.459495267446177330e-1,.205181300584600587e-1
23.6759396616616620,.459530432995088126e-1,.204721045473214534e-1
23.7249254974974981,.459561731159219278e-1,.204306000349379208e-1
23.7750226901901911,.459593216211293676e-1,.203883180095927735e-1
23.8259702447447452,.459624702034480206e-1,.203454876285299700e-1
23.8728009614614614,.459653176656061035e-1,.203062680618641758e-1
23.9227209889889885,.459683045116287686e-1,.202646185890140475e-1
23.9722610220220211,.459712199813904418e-1,.202234458576785875e-1
24.0252534584584581,.459742858881730387e-1,.201795790430334861e-1
24.0720169879879897,.459769468802228576e-1,.201410181542784963e-1
24.1259723933933934,.459799661045754079e-1,.200967003547418942e-1
24.1746629869869878,.459826445798140818e-1,.200568656871981839e-1
24.2228397842842860,.459852524198583607e-1,.200175988277101237e-1
24.2746453183183171,.459880104256839423e-1,.199755371888652687e-1
24.3266604164164164,.459907321629081725e-1,.199334743193058765e-1
24.3739864539539539,.459931679379853714e-1,.198953496464466216e-1
24.4242446036036043,.459957129631517747e-1,.198550147954594143e-1
24.4732916456456451,.459981559525479353e-1,.198158019902553613e-1
24.5264591566566565,.460007595203976161e-1,.197734614755931126e-1
24.5724638358358369,.460029754492178727e-1,.197369643072291198e-1
24.6253018823823808,.460054790102695579e-1,.196952044522606881e-1
24.6749724239239256,.460077926771458590e-1,.196561017139055376e-1
24.7241632022022024,.460100466055386459e-1,.196175227330040412e-1
24.7733931121121138,.460122656792511867e-1,.195790578669125734e-1
24.8236045040040025,.460144918448392656e-1,.195399746125018391e-1
24.8768277382382372,.460168112712327354e-1,.194987098737586483e-1
24.9256282322322313,.460189021457081682e-1,.194610206780406157e-1
24.9738005860860852,.460209330606851305e-1,.194239533867145847e-1
25.0252960395395405,.460230683597705539e-1,.193844785922304350e-1
25.0766793918918935,.460251628351041539e-1,.193452429561049265e-1
25.1227990020020009,.460270124822504401e-1,.193101563285673732e-1
25.1774310060060067,.460291670918123730e-1,.192687516126118508e-1
25.2231445335335351,.460309400972713570e-1,.192342370261256029e-1
25.2766116386386379,.460329798771144244e-1,.191940189474753137e-1
25.3276408108108093,.460348930751964397e-1,.191557853623549497e-1
25.3732037832832837,.460365740801975606e-1,.191217710526660929e-1
25.4244441111111108,.460384343295415152e-1,.190836571561570426e-1
25.4760240930930948,.460402751293184642e-1,.190454382256630556e-1
25.5273589244244228,.460420760580054975e-1,.190075472203498144e-1
25.5749528843843841,.460437184718602982e-1,.189725471102436954e-1
25.6242336731731726,.460453918891457134e-1,.189364373757706407e-1
25.6751999354354368,.460470938958903869e-1,.188992319759522312e-1
25.7260027482482485,.460487619402231499e-1,.188622861762824112e-1
25.7782596856856863,.460504485398488400e-1,.188244282475694066e-1
25.8242876246246240,.460519099812413402e-1,.187912044563638171e-1
25.8761041821821820,.460535286364644053e-1,.187539378063513798e-1
25.9281335035035028,.460551260769864815e-1,.187166617753607295e-1
25.9782733953953944,.460566395384193958e-1,.186808748934707142e-1
26.0238052207207211,.460579921830249275e-1,.186484916081302576e-1
26.0779469649649656,.460595741400039727e-1,.186101260426146803e-1
26.1238121241241252,.460608921281869602e-1,.185777448811560268e-1
26.1771642077077082,.460624001455047574e-1,.185402150950614540e-1
26.2243898418418411,.460637128224438072e-1,.185071173809684408e-1
26.2762038473473467,.460651294823804097e-1,.184709356168666385e-1
26.3255430335335348,.460664559432560697e-1,.184366094424034954e-1
26.3770232982982975,.460678169247508013e-1,.184009255122147969e-1
26.4242982517517504,.460690463424691318e-1,.183682745186338411e-1
26.4752906756756765,.460703509133377279e-1,.183331820171813188e-1
26.5282574729729745,.460716827388083228e-1,.182968685335178384e-1
26.5743652257257246,.460728231213327066e-1,.182653712515958196e-1
26.6241628618618620,.460740352522188215e-1,.182314716143046757e-1
26.6756086926926912,.460752665656447222e-1,.181965783415135272e-1
26.7259384014014003,.460764509191401925e-1,.181625676847463891e-1
26.7746349824824819,.460775780972962901e-1,.181297782741564328e-1
26.8287042332332319,.460788084013930357e-1,.180935060909452675e-1
26.8772878598598588,.460798951420535938e-1,.180610343585689247e-1
26.9291612512512515,.460810362192626624e-1,.180264890449442321e-1
26.9761662537537532,.460820533138562305e-1,.179952969654815359e-1
27.0275551371371385,.460831471949625163e-1,.179613160533193227e-1
27.0759080715715719,.460841594930034432e-1,.179294568156953445e-1
27.1264508203203221,.460852003503397015e-1,.178962724493229725e-1
27.1758655955955959,.460862011759678308e-1,.178639444157063752e-1
27.2275982857857848,.460872314445160691e-1,.178302219628455813e-1
27.2774230150150139,.460882070708633629e-1,.177978606185534259e-1
27.3283759969969964,.460891881822505581e-1,.177648849876799672e-1
27.3789070625625612,.460901448603242767e-1,.177323001762108926e-1
27.4253398638638650,.460910098623168035e-1,.177024610037382520e-1
27.4785570940940929,.460919849352853031e-1,.176683825249378118e-1
27.5261552192192198,.460928425267676592e-1,.176380109035782079e-1
27.5769047482482499,.460937420421625305e-1,.176057407842533827e-1
27.6254785230230233,.460945888652865912e-1,.175749622469346112e-1
27.6794134574574571,.460955132362762393e-1,.175409098710102018e-1
27.7261171476476491,.460963003641725738e-1,.175115272633068059e-1
27.7791262537537520,.460971790470856083e-1,.174782943787894392e-1
27.8274382992992990,.460979664664341385e-1,.174481137015710178e-1
27.8802840845845843,.460988133887882540e-1,.174152175731738974e-1
27.9258810600600604,.460995322513580857e-1,.173869313677831559e-1
27.9778106926926924,.461003377606894263e-1,.173548262451783224e-1
28.0279721541541527,.461011027213629812e-1,.173239245290358161e-1
28.0781008463463451,.461018545164697396e-1,.172931506898166484e-1
28.1280451241241245,.461025911621996895e-1,.172625965941715191e-1
28.1760259394394410,.461032873964321369e-1,.172333433338347532e-1
28.2278944714714726,.461040276293776669e-1,.172018290969335498e-1
28.2773289434434432,.461047213179751406e-1,.171718989257655594e-1
28.3293563973973974,.461054391567328470e-1,.171405091453025425e-1
28.3764537717717715,.461060783294498441e-1,.171121909222173678e-1
28.4285051871871879,.461067731640915981e-1,.170810007790375452e-1
28.4783613728728717,.461074274902188649e-1,.170512306817082980e-1
28.5280962072072057,.461080694830340726e-1,.170216345380618181e-1
28.5800444344344342,.461087287837750812e-1,.169908289522832379e-1
28.6278906481481492,.461093260102808516e-1,.169625527627208783e-1
28.6768917157157155,.461099278626109568e-1,.169336898979294721e-1
28.7309947167167152,.461105810634652794e-1,.169019339454228555e-1
28.7799805525525514,.461111624109978510e-1,.168732824939691675e-1
28.8300777452452444,.461117472141429618e-1,.168440797652105005e-1
28.8810252997997985,.461123320158301486e-1,.168144832552130433e-1
28.9278560165165182,.461128608754017150e-1,.167873685181569553e-1
28.9777760440440453,.461134156088947381e-1,.167585597869163196e-1
29.0273160770770779,.461139570723070255e-1,.167300665035666658e-1
29.0803085135135149,.461145264604201702e-1,.166996930567985015e-1
29.1270720430430430,.461150206372485591e-1,.166729799554308014e-1
29.1810274484484502,.461155813283009586e-1,.166422630791287184e-1
29.2297180420420410,.461160787277316297e-1,.166146391086628674e-1
29.2778948393393392,.461165629990767031e-1,.165873955055739208e-1
29.3297003733733739,.461170751441855112e-1,.165581980472521775e-1
29.3817154714714732,.461175805425834487e-1,.165289843273854833e-1
29.4290415090090107,.461180328307946724e-1,.165024924061995815e-1
29.4792996586586575,.461185053950995960e-1,.164744507689428485e-1
29.5283467007007019,.461189590035640112e-1,.164471754196875083e-1
29.5815142117117134,.461194424174214343e-1,.164177091910668004e-1
29.6275188908908902,.461198538484599713e-1,.163922967146059168e-1
29.6803569374374376,.461203186747355387e-1,.163632052555511068e-1
29.7300274789789789,.461207482352650119e-1,.163359506063491082e-1
29.7792182572572557,.461211666964452607e-1,.163090474616412115e-1
29.8284481671671671,.461215786786787485e-1,.162822104315136842e-1
29.8786595590590593,.461219919697038391e-1,.162549281198464922e-1
29.9318827932932940,.461224225663758730e-1,.162261078117271716e-1
29.9806832872872882,.461228107255471365e-1,.161997710505548190e-1
30.0288556411411420,.461231877469337262e-1,.161738560559327553e-1
30.0803510945945938,.461235841392517859e-1,.161462438647910905e-1
30.1317344469469468,.461239729461125417e-1,.161187845617425766e-1
30.1778540570570577,.461243162986341507e-1,.160942167579702020e-1
30.2324860610610600,.461247162549058912e-1,.160652101110462277e-1
30.2781995885885884,.461250453691796278e-1,.160410180705024379e-1
30.3316666936936947,.461254239973053343e-1,.160128140791671175e-1
30.3826958658658661,.461257791230715655e-1,.159859874924032849e-1
30.4282588383383370,.461260911446211772e-1,.159621096187389927e-1
30.4794991661661676,.461264364315830469e-1,.159353406716650735e-1
30.5310791481481481,.461267781030502214e-1,.159084839105617590e-1
30.5824139794794796,.461271123688360082e-1,.158818436477523098e-1
30.6300079394394409,.461274172086084400e-1,.158572235283029987e-1
30.6792887282282294,.461277277983697803e-1,.158318103637571615e-1
30.7302549904904900,.461280436898454868e-1,.158056127669483938e-1
30.7810578033033018,.461283532734659898e-1,.157795845272016774e-1
30.8333147407407395,.461286662964091598e-1,.157528997538974661e-1
30.8793426796796808,.461289375276700206e-1,.157294697608480749e-1
30.9311592372372388,.461292379325522195e-1,.157031756506717801e-1
30.9831885585585596,.461295343961491341e-1,.156768610984299207e-1
31.0333284504504512,.461298152706238335e-1,.156515847389929880e-1
31.0788602757757744,.461300662969739428e-1,.156287012897638224e-1
31.1330020200200188,.461303598758752986e-1,.156015768567521734e-1
31.1788671791791785,.461306044645357211e-1,.155786718426682569e-1
31.2322192627627615,.461308843149139322e-1,.155521116426274933e-1
31.2794448968968979,.461311279120635784e-1,.155286761989621783e-1
31.3312589024024035,.461313908025715105e-1,.155030442724970775e-1
31.3805980885885880,.461316369519025257e-1,.154787145211490156e-1
31.4320783533533543,.461318895042792734e-1,.154534096145810314e-1
31.4793533068068072,.461321176403264935e-1,.154302440147820030e-1
31.5303457307307298,.461323597195014423e-1,.154053339268841790e-1
31.5833125280280278,.461326068533262496e-1,.153795437229544505e-1
31.6294202807807814,.461328184607267197e-1,.153571629522303958e-1
31.6792179169169152,.461330433793736838e-1,.153330636219631746e-1
31.7306637477477480,.461332718550847565e-1,.153082453852601569e-1
31.7809934564564571,.461334916149086921e-1,.152840426512089352e-1
31.8296900375375387,.461337007636420313e-1,.152606974828355946e-1
31.8837592882882888,.461339290451762557e-1,.152348594839460082e-1
31.9323429149149156,.461341306866866196e-1,.152117168960268605e-1
31.9842163063063047,.461343424081730735e-1,.151870842054531805e-1
32.0312213088088100,.461345311235357436e-1,.151648316628605721e-1
32.0826101921921918,.461347340843169737e-1,.151405777615715303e-1
32.1309631266266251,.461349219063359323e-1,.151178270048292086e-1
32.1815058753753789,.461351150255643397e-1,.150941184119542347e-1
32.2309206506506527,.461353007157501854e-1,.150710102547894562e-1
32.2826533408408380,.461354918670334527e-1,.150468933711922995e-1
32.3324780700700671,.461356728787078382e-1,.150237383506423815e-1
32.3834310520520532,.461358549065255738e-1,.150001321369639326e-1
32.4339621176176180,.461360323997104874e-1,.149767941050022186e-1
32.4803949189189183,.461361928829197437e-1,.149554124317751742e-1
32.5336121491491497,.461363737861018933e-1,.149309811431865350e-1
32.5812102742742766,.461365328919558851e-1,.149091966432582032e-1
32.6319598033033031,.461366997745534385e-1,.148860393353592284e-1
32.6805335780780766,.461368568802489193e-1,.148639417349855744e-1
32.7344685125125139,.461370283716121266e-1,.148394815037146167e-1
32.7811722027027059,.461371744002670239e-1,.148183653295410438e-1
32.8341813088088088,.461373374131323621e-1,.147944705858604041e-1
32.8824933543543523,.461374834937853043e-1,.147727597859734876e-1
32.9353391396396376,.461376406122378999e-1,.147490840536651235e-1
32.9809361151151137,.461377739725407701e-1,.147287164880213085e-1
33.0328657477477492,.461379234062096397e-1,.147055882639828307e-1
33.0830272092092059,.461380653165653076e-1,.146833160564423578e-1
33.1331559014014019,.461382047836330564e-1,.146611253592629897e-1
33.1831001791791778,.461383414394426067e-1,.146390825726742078e-1
33.2310809944944978,.461384705976911821e-1,.146179683870740398e-1
33.2829495265265294,.461386079172909497e-1,.145952114677364297e-1
33.3323839984985000,.461387366017269665e-1,.145735880095370397e-1
33.3844114524524542,.461388697653986463e-1,.145508991092564571e-1
33.4315088268268283,.461389883353327188e-1,.145304207468600829e-1
33.4835602422422411,.461391172301175781e-1,.145078549687524972e-1
33.5334164279279250,.461392386097034327e-1,.144863062114075555e-1
33.5831512622622625,.461393577007634115e-1,.144648733080788971e-1
33.6350994894894910,.461394800018037551e-1,.144425538755555156e-1
33.6829457032032025,.461395907874100689e-1,.144220574494139542e-1
33.7319467707707688,.461397024305377074e-1,.144011262609188770e-1
33.7860497717717720,.461398235981284183e-1,.143780859076612574e-1
33.8350356076076082,.461399314364897700e-1,.143572879950593264e-1
33.8851328003002976,.461400399153192933e-1,.143360801197078246e-1
33.9360803548548517,.461401483933383816e-1,.143145761607619496e-1
33.9829110715715714,.461402464938877530e-1,.142948664364834846e-1
34.0328310990990985,.461403493934330750e-1,.142739159524634465e-1
34.0823711321321312,.461404498309940028e-1,.142531853325243950e-1
34.1353635685685717,.461405554478863875e-1,.142310763123424701e-1
34.1821270980980998,.461406471132785045e-1,.142116227374810920e-1
34.2360825035035035,.461407511159987807e-1,.141892430847161376e-1
34.2847730970970943,.461408433783252331e-1,.141691073696020922e-1
34.3329498943943960,.461409332051555890e-1,.141492400970766041e-1
34.3847554284284271,.461410282018494891e-1,.141279382482430559e-1
34.4367705265265300,.461411219467045691e-1,.141066144349243205e-1
34.4840965640640675,.461412058399661915e-1,.140872685784661188e-1
34.5343547137137108,.461412934938202068e-1,.140667819499791496e-1
34.5834017557557587,.461413776313079477e-1,.140468461768866459e-1
34.6365692667667702,.461414672968863335e-1,.140252991051299930e-1
34.6825739459459470,.461415436105066246e-1,.140067079966470966e-1
34.7354119924924944,.461416298277345580e-1,.139854159546203751e-1
34.7850825340340322,.461417095034738142e-1,.139654590715264006e-1
34.8342733123123125,.461417871202036631e-1,.139457508273244223e-1
34.8835032222222239,.461418635349399239e-1,.139260823445704618e-1
34.9337146141141162,.461419401921625214e-1,.139060786287705448e-1
34.9869378483483473,.461420200589498508e-1,.138849374811882403e-1
35.0357383423423414,.461420920542066487e-1,.138656093620608128e-1
35.0839106961961988,.461421619834139832e-1,.138465825743638409e-1
35.1354061496496470,.461422355052627658e-1,.138263007446180804e-1
35.1867895020020001,.461423076199390936e-1,.138061220321394808e-1
35.2329091121121110,.461423713036888464e-1,.137880603896111727e-1
35.2875411161161168,.461424454858572058e-1,.137667259525559582e-1
35.3332546436436417,.461425065283672248e-1,.137489248144836967e-1
35.3867217487487480,.461425767542534906e-1,.137281625473062302e-1
35.4377509209209194,.461426426208442556e-1,.137084052162761497e-1
35.4833138933933938,.461427004925599460e-1,.136908121416605705e-1
35.5345542212212209,.461427645339475626e-1,.136710806185709535e-1
35.5861342032032013,.461428279045735246e-1,.136512755128277707e-1
35.6374690345345329,.461428899014716953e-1,.136316212848931265e-1
35.6850629944944941,.461429464405185910e-1,.136134496634911992e-1
35.7343437832832862,.461430040458729041e-1,.135946848588470674e-1
35.7853100455455433,.461430626343846337e-1,.135753324759016296e-1
35.8361128583583550,.461431200528232624e-1,.135560967791440688e-1
35.8883697957957963,.461431781089988724e-1,.135363671581552637e-1
35.9343977347347376,.461432284139714349e-1,.135190366938781996e-1
35.9862142922922956,.461432841296089066e-1,.134995795950328592e-1
36.0382436136136164,.461433391141225432e-1,.134800987459881318e-1
36.0883835055055044,.461433912072247224e-1,.134613783437450875e-1
36.1339153308308312,.461434377643628463e-1,.134444233157919469e-1
36.1880570750750721,.461434922134745865e-1,.134243175320804733e-1
36.2339222342342353,.461435375764238515e-1,.134073321837007171e-1
36.2872743178178183,.461435894791169671e-1,.133876280701929577e-1
36.3344999519519547,.461436346579729845e-1,.133702347491260511e-1
36.3863139574574603,.461436834149753852e-1,.133512033326056642e-1
36.4356531436436413,.461437290669756278e-1,.133331311118806955e-1
36.4871334084084111,.461437759064151354e-1,.133143266227652643e-1
36.5344083618618640,.461438182174116335e-1,.132971047980751187e-1
36.5854007857857866,.461438631142648756e-1,.132785785110325471e-1
36.6383675830830811,.461439089484758161e-1,.132593893815231116e-1
36.6844753358358346,.461439481937685470e-1,.132427301980941742e-1
36.7342729719719685,.461439899077243296e-1,.132247846919342268e-1
36.7857188028028048,.461440322813000819e-1,.132062961398312050e-1
36.8360485115115139,.461440730383317274e-1,.131882585633861394e-1
36.8847450925925955,.461441118273416273e-1,.131708530343647399e-1
36.9388143433433456,.461441541646681330e-1,.131515808129676337e-1
36.9873979699699689,.461441915612402012e-1,.131343118243835606e-1
37.0392713613613580,.461442308271824489e-1,.131159233974456942e-1
37.0862763638638668,.461442658263411520e-1,.130993050842575978e-1
37.1376652472472486,.461443034673930316e-1,.130811849169552314e-1
37.1860181816816819,.461443383007562116e-1,.130641808920251637e-1
37.2365609304304286,.461443741164787452e-1,.130464538997506745e-1
37.2859757057057024,.461444085543620680e-1,.130291688973045074e-1
37.3377083958958949,.461444440049972454e-1,.130111220294987524e-1
37.3875331251251239,.461444775751023509e-1,.129937878756664574e-1
37.4384861071071100,.461445113336074672e-1,.129761088283543869e-1
37.4890171726726749,.461445442510785356e-1,.129586235472505789e-1
37.5354499739739751,.461445740138764909e-1,.129425978207203217e-1
37.5886672042042065,.461446075636606917e-1,.129242791359780833e-1
37.6362653293293263,.461446370709323803e-1,.129079384976623947e-1
37.6870148583583600,.461446680204115681e-1,.128905613560923154e-1
37.7355886331331334,.461446971566595657e-1,.128739729169300657e-1
37.7895235675675707,.461447289607764474e-1,.128556034678291575e-1
37.8362272577577556,.461447560426425374e-1,.128397391136662077e-1
37.8892363638638656,.461447862742897993e-1,.128217802391136903e-1
37.9375484094094091,.461448133657279824e-1,.128054563175810533e-1
37.9903941946946944,.461448425041475346e-1,.127876479823616843e-1
38.0359911701701705,.461448672364662971e-1,.127723221068929988e-1
38.0879208028028060,.461448949496358618e-1,.127549123477491630e-1
38.1380822642642627,.461449212675393364e-1,.127381403283442652e-1
38.1882109564564587,.461449471322932930e-1,.127214232176140387e-1
38.2381552342342346,.461449724756578181e-1,.127048111309279819e-1
38.2861360495495475,.461449964285426950e-1,.126888928752552903e-1
38.3380045815815791,.461450218949520860e-1,.126717295722642790e-1
38.3874390535535568,.461450457599125591e-1,.126554148065270884e-1
38.4394665075075110,.461450704555348007e-1,.126382895424113992e-1
38.4865638818818852,.461450924446789035e-1,.126228269271346331e-1
38.5386152972972980,.461451163485718657e-1,.126057817480922790e-1
38.5884714829829818,.461451388587265018e-1,.125894984947979762e-1
38.6382063173173194,.461451609444455610e-1,.125732966883702231e-1
38.6901545445445478,.461451836254397826e-1,.125564182563313240e-1
38.7380007582582593,.461452041708513144e-1,.125409126004908111e-1
38.7870018258258256,.461452248752722907e-1,.125250722882103566e-1
38.8411048268268289,.461452473459999998e-1,.125076290694906053e-1
38.8900906626626650,.461452673447808465e-1,.124918774768509894e-1
38.9401878553553544,.461452874623189402e-1,.124758094622512486e-1
38.9911354099099086,.461453075796881551e-1,.124595110012951284e-1
39.0379661266266282,.461453257725280910e-1,.124445670237648999e-1
39.0878861541541553,.461453448553300546e-1,.124286766112895065e-1
39.1374261871871880,.461453634815389563e-1,.124129471865660340e-1
39.1904186236236214,.461453830682409596e-1,.123961655617307962e-1
39.2371821531531566,.461454000676164502e-1,.123813941130300215e-1
39.2911375585585603,.461454193549372324e-1,.123643945680541635e-1
39.3398281521521511,.461454364649858534e-1,.123490937732243181e-1
39.3880049494494529,.461454531233588053e-1,.123339916290090678e-1
39.4398104834834839,.461454707404683681e-1,.123177930974356573e-1
39.4918255815815797,.461454881254108190e-1,.123015717517911006e-1
39.5391516191191172,.461455036833677973e-1,.122868497727404644e-1
39.5894097687687676,.461455199387126036e-1,.122712541825187090e-1
39.6384568108108084,.461455355419383845e-1,.122560725023666117e-1
39.6916243218218199,.461455521703315955e-1,.122396577398542171e-1
39.7376290010010038,.461455663226073218e-1,.122254898190101990e-1
39.7904670475475442,.461455823114849881e-1,.122092578300873906e-1
39.8401375890890890,.461455970872412732e-1,.121940381313244989e-1
39.8893283673673693,.461456114811474721e-1,.121790027595561397e-1
39.9385582772772807,.461456256521364655e-1,.121639924742373440e-1
39.9887696691691659,.461456398680849048e-1,.121487209696588098e-1
40.0419929034034041,.461456546792316652e-1,.121325752083068315e-1
40.0907933973973982,.461456680306091410e-1,.121178087667994181e-1
40.1389657512512485,.461456809988340100e-1,.121032675779173676e-1
40.1904612047047038,.461456946332983800e-1,.120877618015093908e-1
40.2418445570570569,.461457080067974451e-1,.120723293009699639e-1
40.2879641671671678,.461457198167939536e-1,.120585112104030622e-1
40.3425961711711736,.461457335736885840e-1,.120421835309934729e-1
40.3883096986986985,.461457448938604464e-1,.120285552027521551e-1
40.4417768038038048,.461457579170578489e-1,.120126544024282463e-1
40.4928059759759762,.461457701318288213e-1,.119975177610326857e-1
40.5383689484484506,.461457808639674089e-1,.119840347215347739e-1
40.5896092762762777,.461457927402472573e-1,.119689077687960641e-1
40.6411892582582581,.461458044921300367e-1,.119537190400211789e-1
40.6925240895895897,.461458159892531861e-1,.119386407033186988e-1
40.7401180495495510,.461458264742302809e-1,.119246950766440860e-1
40.7893988383383359,.461458371569453338e-1,.119102894580125108e-1
40.8403651006006001,.461458480219781725e-1,.118954276901654214e-1
40.8911679134134118,.461458586700198292e-1,.118806504274379075e-1
40.9434248508508531,.461458694363222136e-1,.118654884308824551e-1
40.9894527897897873,.461458787651884417e-1,.118521657363015731e-1
41.0412693473473453,.461458890974372829e-1,.118372032701895679e-1
41.0932986686686661,.461458992940972368e-1,.118222173082131194e-1
41.1434385605605613,.461459089545520132e-1,.118078113960651387e-1
41.1889703858858880,.461459175883810468e-1,.117947598143201219e-1
41.2431121301301289,.461459276857396627e-1,.117792777042137163e-1
41.2889772892892921,.461459360981041206e-1,.117661940733630906e-1
41.3423293728728751,.461459457232320513e-1,.117510112027468822e-1
41.3895550070070044,.461459541014502678e-1,.117376044279273711e-1
41.4413690125125100,.461459631432162357e-1,.117229302035729392e-1
41.4907081986986981,.461459716091701666e-1,.117089909183411278e-1
41.5421884634634608,.461459802953258433e-1,.116944820135393025e-1
41.5894634169169137,.461459881416998938e-1,.116811899290774467e-1
41.6404558408408434,.461459964676057544e-1,.116668864358090863e-1
41.6934226381381379,.461460049673368192e-1,.116520661511127915e-1
41.7395303908908915,.461460122451824717e-1,.116391956554541057e-1
41.7893280270270253,.461460199808268259e-1,.116253270515233164e-1
41.8407738578578545,.461460278387915909e-1,.116110340771296613e-1
41.8911035665665636,.461460353969737752e-1,.115970851440750072e-1
41.9398001476476452,.461460425901940030e-1,.115836206844308846e-1
41.9938693983983953,.461460504414283809e-1,.115687072639756462e-1
42.0424530250250257,.461460573764235008e-1,.115553395949038809e-1
42.0943264164164148,.461460646580809930e-1,.115411007997507521e-1
42.1413314189189165,.461460711484844022e-1,.115282285939437117e-1
42.1927203023023054,.461460781288103583e-1,.115141886749042244e-1
42.2410732367367387,.461460845884639065e-1,.115010093836483401e-1
42.2916159854854854,.461460912302885384e-1,.114872654262145185e-1
42.3410307607607592,.461460976165987066e-1,.114738599032234261e-1
42.3927634509509517,.461461041907160197e-1,.114598590331299547e-1
42.4425881801801808,.461461104160979588e-1,.114464067826572091e-1
42.4935411621621597,.461461166764158062e-1,.114326825249487993e-1
42.5440722277277246,.461461227807670599e-1,.114191043634238494e-1
42.5905050290290319,.461461283001012787e-1,.114066558365665954e-1
42.6437222592592562,.461461345217079461e-1,.113924217459877766e-1
42.6913203843843831,.461461399936533984e-1,.113797206576393330e-1
42.7420699134134168,.461461457330460401e-1,.113662097950954517e-1
42.7906436881881902,.461461511361846155e-1,.113533081796575678e-1
42.8445786226226204,.461461570340615870e-1,.113390168550164226e-1
42.8912823128128124,.461461620562250707e-1,.113266706433338572e-1
42.9442914189189224,.461461676624944916e-1,.113126901070500410e-1
42.9926034644644659,.461461726864306060e-1,.112999783830345993e-1
43.0454492497497512,.461461780899651980e-1,.112861064185395717e-1
43.0910462252252273,.461461826764153690e-1,.112741645928928092e-1
43.1429758578578557,.461461878156440852e-1,.112605949803060087e-1
43.1931373193193195,.461461926961285740e-1,.112475183742277180e-1
43.2432660115115084,.461461974925783600e-1,.112344806075194252e-1
43.2932102892892914,.461462021923388574e-1,.112215208199751264e-1
43.3411911046046043,.461462066342430977e-1,.112090986417964760e-1
43.3930596366366359,.461462113568194762e-1,.111957008276754536e-1
43.4424941086086065,.461462157824168578e-1,.111829615053849769e-1
43.4945215625625607,.461462203620539718e-1,.111695852346101049e-1
43.5416189369369349,.461462244397920912e-1,.111575040456417095e-1
43.5936703523523548,.461462288726065886e-1,.111441824279302892e-1
43.6435265380380386,.461462330469609577e-1,.111314524241462112e-1
43.6932613723723691,.461462371426058643e-1,.111187823416183645e-1
43.7452095995995975,.461462413486396703e-1,.111055791433032260e-1
43.7930558133133161,.461462451586437047e-1,.110934462185175928e-1
43.8420568808808824,.461462489981342636e-1,.110810478842499824e-1
43.8961598818818786,.461462531651733246e-1,.110673907940105377e-1
43.9451457177177147,.461462568738064891e-1,.110550544163313565e-1
43.9952429104104112,.461462606044617044e-1,.110424665647058540e-1
44.0461904649649654,.461462643350849730e-1,.110296944030130652e-1
44.0930211816816851,.461462677088173984e-1,.110179803279612035e-1
44.1429412092092122,.461462712475863776e-1,.110055208638672446e-1
44.1924812422422448,.461462747016828864e-1,.109931840624065032e-1
44.2454736786786782,.461462783338953408e-1,.109800180924688254e-1
44.2922372082082063,.461462814863062842e-1,.109684258546525540e-1
44.3461926136136171,.461462850629995452e-1,.109550811880891070e-1
44.3948832072072079,.461462882359330445e-1,.109430664919038419e-1
44.4430600045045026,.461462913251061424e-1,.109312044821967946e-1
44.4948655385385408,.461462945920694326e-1,.109184776661354396e-1
44.5468806366366366,.461462978159785653e-1,.109057291411744969e-1
44.5942066741741741,.461463007010863360e-1,.108941557041794448e-1
44.6444648238238244,.461463037155191019e-1,.108818920863803376e-1
44.6935118658658652,.461463066090208526e-1,.108699505798315627e-1
44.7466793768768767,.461463096926318303e-1,.108570354234357857e-1
44.7926840560560535,.461463123170650150e-1,.108458849588909199e-1
44.8455221026026010,.461463152820818512e-1,.108331064655360094e-1
44.8951926441441458,.461463180221341196e-1,.108211214317826179e-1
44.9443834224224190,.461463206913748369e-1,.108092782627581350e-1
44.9936133323323304,.461463233192769343e-1,.107974515936040856e-1
45.0438247242242227,.461463259555161057e-1,.107854157637804326e-1
45.0970479584584609,.461463287021299171e-1,.107726872409172197e-1
45.1458484524524550,.461463311780403937e-1,.107610428009311272e-1
45.1940208063063054,.461463335828978874e-1,.107495729023088325e-1
45.2455162597597607,.461463361113040871e-1,.107373387731230265e-1
45.2968996121121137,.461463385913159913e-1,.107251589968820598e-1
45.3430192222222246,.461463407813882190e-1,.107142504275193617e-1
45.3976512262262233,.461463433324973207e-1,.107013571128883808e-1
45.4433647537537553,.461463454317349100e-1,.106905924032204124e-1
45.4968318588588616,.461463478467850560e-1,.106780293077118008e-1
45.5478610310310330,.461463501119186020e-1,.106660665531928666e-1
45.5934240035035003,.461463521021093920e-1,.106554078631793895e-1
45.6446643313313345,.461463543044719829e-1,.106434464686138066e-1
45.6962443133133149,.461463564837659018e-1,.106314328739140224e-1
45.7475791446446465,.461463586158164379e-1,.106195032706748616e-1
45.7951731046046078,.461463605601723156e-1,.106084668901800534e-1
45.8444538933933927,.461463625411969516e-1,.105970635010845630e-1
45.8954201556556569,.461463645560307931e-1,.105852958552183594e-1
45.9462229684684687,.461463665306251630e-1,.105735919253668927e-1
45.9984799059059029,.461463685271498586e-1,.105615799638295749e-1
46.0445078448448442,.461463702571133644e-1,.105510224019494548e-1
46.0963244024024021,.461463721731459747e-1,.105391623117488328e-1
46.1483537237237229,.461463740640345524e-1,.105272803166294518e-1
46.1984936156156181,.461463758554880379e-1,.105158551318935076e-1
46.2440254409409377,.461463774565619295e-1,.105055014309800767e-1
46.2981671851851857,.461463793290354182e-1,.104932163803145434e-1
46.3440323443443418,.461463808890402449e-1,.104828317853136836e-1
46.3973844279279248,.461463826739420963e-1,.104707778605176334e-1
46.4446100620620612,.461463842276145439e-1,.104601311971572533e-1
46.4964240675675669,.461463859043363955e-1,.104484749978318719e-1
46.5457632537537549,.461463874742784816e-1,.104373996576304657e-1
46.5972435185185176,.461463890850550701e-1,.104258687014942703e-1
46.6445184719719705,.461463905401009178e-1,.104153021001296194e-1
46.6955108958958931,.461463920840719036e-1,.104039285751405027e-1
46.7484776931931947,.461463936602772365e-1,.103921409474668023e-1
46.7945854459459483,.461463950098938633e-1,.103819015053126622e-1
46.8443830820820821,.461463964444054006e-1,.103708652654603845e-1
46.8958289129129113,.461463979016001544e-1,.103594883614817959e-1
46.9461586216216205,.461463993032026135e-1,.103483824066746954e-1
46.9948552027027020,.461464006371258006e-1,.103376594644070136e-1
47.0489244534534521,.461464020930721849e-1,.103257794676164198e-1
47.0975080800800825,.461464033791095032e-1,.103151280257823327e-1
47.1493814714714716,.461464047294323984e-1,.103037795661001658e-1
47.1963864739739734,.461464059330237292e-1,.102935177165939702e-1
47.2477753573573551,.461464072274670456e-1,.102823221654292554e-1
47.2961282917917885,.461464084253559309e-1,.102718102370449212e-1
47.3466710405405422,.461464096570268559e-1,.102608451917533591e-1
47.3960858158158160,.461464108413146973e-1,.102501474623255210e-1
47.4478185060060085,.461464120604297284e-1,.102389718032367388e-1
47.4976432352352376,.461464132148746431e-1,.102282313269005457e-1
47.5485962172172165,.461464143757980699e-1,.102172709157429646e-1
47.5991272827827814,.461464155077987367e-1,.102064244346941300e-1
47.6455600840840816,.461464165313128644e-1,.101964779265501237e-1
47.6987773143143130,.461464176850574503e-1,.101851019193760790e-1
47.7463754394394400,.461464186997836215e-1,.101749485647889895e-1
47.7971249684684665,.461464197641055715e-1,.101641452437683001e-1
47.8456987432432399,.461464207660719911e-1,.101538265502762338e-1
47.8996336776776772,.461464218597834250e-1,.101423934850443584e-1
47.9463373678678693,.461464227911011424e-1,.101325140690851322e-1
47.9993464739739721,.461464238307363189e-1,.101213241356141355e-1
48.0476585195195227,.461464247623826762e-1,.101111472301570957e-1
48.1005043048048080,.461464257644223080e-1,.101000387039325325e-1
48.1461012802802770,.461464266149405264e-1,.100904735204565624e-1
48.1980309129129125,.461464275679667954e-1,.100796019339030925e-1
48.2481923743743764,.461464284730111127e-1,.100691227366799651e-1
48.2983210665665652,.461464293624718677e-1,.100586721290191767e-1
48.3482653443443411,.461464302340023821e-1,.100482815169680093e-1
48.3962461596596611,.461464310577156256e-1,.100383195879243329e-1
48.4481146916916927,.461464319334770820e-1,.100275726716913174e-1
48.4975491636636633,.461464327541662930e-1,.100173514746047711e-1
48.5495766176176176,.461464336034208208e-1,.100066166255796778e-1
48.5966739919919917,.461464343596024451e-1,.999691882216507087e-2
48.6487254074074045,.461464351816299120e-1,.998622277596022262e-2
48.6985815930930954,.461464359557281351e-1,.997599926475028868e-2
48.7483164274274259,.461464367152303392e-1,.996582147176316123e-2
48.8002646546546544,.461464374952031825e-1,.995521287679413010e-2
48.8481108683683658,.461464382017356886e-1,.994546193364747970e-2
48.8971119359359392,.461464389137361958e-1,.993549541189881445e-2
48.9512149369369354,.461464396864777263e-1,.992451436383767240e-2
49.0002007727727715,.461464403742118043e-1,.991459284021980157e-2
49.0502979654654681,.461464410660296642e-1,.990446671901723877e-2
49.1012455200200222,.461464417578415706e-1,.989418990531515212e-2
49.1480762367367348,.461464423834711326e-1,.988476230575163241e-2
49.1979962642642619,.461464430397052830e-1,.987473255161274398e-2
49.2475362972972945,.461464436802376324e-1,.986479924520265207e-2
49.3005287337337350,.461464443538000257e-1,.985419579204884107e-2
49.3472922632632631,.461464449383873626e-1,.984485761826292202e-2
49.4012476686686668,.461464456016541652e-1,.983410526951546647e-2
49.4499382622622647,.461464461900471939e-1,.982442224395592596e-2
49.4981150595595594,.461464467629075711e-1,.981486014484458415e-2
49.5499205935935905,.461464473687375823e-1,.980459856304397373e-2
49.6019356916916934,.461464479665835495e-1,.979431703496871572e-2
49.6492617292292309,.461464485016017389e-1,.978498108310061482e-2
49.6995198788788812,.461464490606021058e-1,.977508618254521906e-2
49.7485669209209220,.461464495971768557e-1,.976544900130047605e-2
49.8017344319319335,.461464501690056969e-1,.975502363535261582e-2
49.8477391111111103,.461464506556839987e-1,.974602074128441166e-2
49.9005771576576578,.461464512055205570e-1,.973570107078698156e-2
49.9502476991992026,.461464517136393818e-1,.972601994557482398e-2
50.,.461464522142304712e-1,.971634216614690460e-2
